[
    {
        "ref": "",
        "imageUrl": "http://placeimg.com/640/480",
        "name": "Cyber Race",
        "description": "Jeu de course futuriste",
        "plateforme": ["swicth", "ps5"],
        "price": "96.92"
    },
    {
        "ref": "",
        "imageUrl": "https://placehold.co/600x400",
        "name": "Pixel Quest",
        "description": "RPG rétro-classique",
        "plateforme": ["swicth", "ps5"],
        "price": "94.84"
    },
    {
        "ref": "",
        "imageUrl": "https://placehold.co/600x400",
        "name": "Block Master",
        "description": "Puzzle addictif",
        "plateforme": ["swicth", "ps5"],
        "price": "92.05"
    },
    {
        "ref": "",
        "imageUrl": "https://placehold.co/600x400",
        "name": "Sky Pilot",
        "description": "Simulateur de vol",
        "plateforme": ["swicth", "ps5"],
        "price": "36.62"
    },
    {
        "ref": "",
        "imageUrl": "https://placehold.co/600x400",
        "name": "Dungeon Crawl",
        "description": "Action-aventure",
        "plateforme": ["swicth", "ps5"],
        "price": "2.77"
    },
    {
        "ref": "",
        "imageUrl": "https://placehold.co/600x400",
        "name": "Mystic Lands",
        "description": "Jeu d'exploration",
        "plateforme": ["swicth", "ps5"],
        "price": "47.99"
    },
    {
        "ref": "",
        "imageUrl": "https://placehold.co/600x400",
        "name": "Battle Arena",
        "description": "Combat en 1v1",
        "plateforme": ["swicth", "ps5"],
        "price": "8.10"
    },
    {
        "ref": "",
        "imageUrl": "https://placehold.co/600x400",
        "name": "Escape Room",
        "description": "Jeu de réflexion",
        "plateforme": ["swicth", "ps5"],
        "price": "31.44"
    },
    {
        "ref": "",
        "imageUrl": "https://placehold.co/600x400",
        "name": "Neural Rush",
        "description": "Jeu d'arcade",
        "plateforme": ["swicth", "ps5"],
        "price": "94.02"
    },
    {
        "ref": "",
        "imageUrl": "https://placehold.co/600x400",
        "name": "Horror House",
        "description": "Jeu d'horreur",
        "plateforme": ["swicth", "ps5"],
        "price": "64.43"
    },
    {
        "ref": "",
        "imageUrl": "https://placehold.co/600x400",
        "name": "Festival Games",
        "description": "Mini-jeux variés",
        "plateforme": ["swicth", "ps5"],
        "price": "44.23"
    },
    {
        "ref": "",
        "imageUrl": "https://placehold.co/600x400",
        "name": "Winter Sports",
        "description": "Jeux d'hiver",
        "plateforme": ["swicth", "ps5"],
        "price": "80.28"
    }
]